district,week,Latitude,Longitude,Acute Diarrhoeal Disease_proba_rf,Acute Diarrhoeal Disease_pred_rf,Acute Diarrhoeal Disease_proba_lr,Acute Diarrhoeal Disease_pred_lr,Acute Encephalitis Syndrome_proba_rf,Acute Encephalitis Syndrome_pred_rf,Acute Encephalitis Syndrome_proba_lr,Acute Encephalitis Syndrome_pred_lr,Acute Gastroenteritis_proba_rf,Acute Gastroenteritis_pred_rf,Acute Gastroenteritis_proba_lr,Acute Gastroenteritis_pred_lr,Chikungunya_proba_rf,Chikungunya_pred_rf,Chikungunya_proba_lr,Chikungunya_pred_lr,Cholera_proba_rf,Cholera_pred_rf,Cholera_proba_lr,Cholera_pred_lr,Dengue_proba_rf,Dengue_pred_rf,Dengue_proba_lr,Dengue_pred_lr,Malaria_proba_rf,Malaria_pred_rf,Malaria_proba_lr,Malaria_pred_lr,Acute Diarrhoeal Disease_alert,Acute Encephalitis Syndrome_alert,Acute Gastroenteritis_alert,Chikungunya_alert,Cholera_alert,Dengue_alert,Malaria_alert
Sagar,1970-01-01 00:00:00.000000044,23.80961225,78.75911361,0.3145219276919677,1,0.3877954335739473,0,0.9941608687851828,1,0.8548728693101532,1,0.981919510872915,1,0.9991937762142553,1,0.862781612394513,1,0.6008309090649788,1,0.8004914447460943,1,0.6183377094273338,1,0.8255943866922822,1,0.6434511985100392,1,0.44291050653933106,0,0.6527714488949975,1,Watch,Alert,Alert,Alert,Alert,Alert,Watch
Saharanpur,1970-01-01 00:00:00.000000038,29.9880774,77.50812995,0.4498858889430421,1,0.5458259970556995,1,0.8538052272700982,1,0.5293152462433226,1,0.9880783752644622,1,0.9484558151610955,1,0.8893640379783295,1,0.8639737577361521,1,0.9035313938088808,1,0.5351389280996056,1,0.46107867515244144,0,0.6138074817833492,1,0.10615095583064742,0,0.06956600601206542,0,Watch,Alert,Alert,Alert,Alert,Watch,Safe
Saharsa,1970-01-01 00:00:00.000000041,25.83264165,86.61489283,0.41147010151873703,1,0.5054559570128834,1,0.8726296228864042,1,0.6206895249533839,1,0.9837231085130091,1,0.9212606611086847,1,0.911728091047504,1,0.7884734149103566,1,0.6534478641745736,1,0.4987016094211809,0,0.8652357469430145,1,0.6397915555578232,1,0.8023823072444897,1,0.43140122968382744,0,Watch,Alert,Alert,Alert,Alert,Alert,Alert
Sahebganj,1970-01-01 00:00:00.000000046,25.244263,87.6348084,0.2531056805749018,0,0.48777143986459426,0,0.9358496639742032,1,0.19905351947312033,0,0.9955800200925463,1,0.9976681955701678,1,0.8979993279587567,1,0.6713555506383773,1,0.8625195462392324,1,0.6069877962661435,1,0.296982793455199,0,0.6344508737422184,1,0.8637224490174916,1,0.5154346879634318,1,Safe,Alert,Alert,Alert,Alert,Safe,Alert
Salem,1970-01-01 00:00:00.000000049,11.0600516,77.0679581,0.36327910658154733,1,0.49722813143619754,0,0.98307109277748,1,0.869837380572161,1,0.9921120352911809,1,0.9897758850143845,1,0.15690692955492555,0,0.31032553293592624,0,0.8315707706336914,1,0.7278173480473759,1,0.29471227251609317,0,0.26531541014335747,0,0.9829394248836705,1,0.8871163688204735,1,Watch,Alert,Alert,Safe,Alert,Safe,Alert
Samastipur,1970-01-01 00:00:00.000000044,25.7744929,85.86626813,0.3592588523115303,1,0.4938842009626667,0,0.7442484461643657,1,0.4424705061664645,0,0.9735700334978535,1,0.9741968357767127,1,0.9328457256806711,1,0.7000813116454908,1,0.8710198203983431,1,0.5672618039730201,1,0.34314874680750507,0,0.627082948862611,1,0.7921568786856413,1,0.5099925806163734,1,Watch,Alert,Alert,Alert,Alert,Watch,Alert
Sambalpur,1970-01-01 00:00:00.000000036,21.4706422,83.9836858,0.40400403321009243,1,0.5049778707176653,1,0.9952317517152299,1,0.7685492299888591,1,0.9829037678911772,1,0.9557184294618334,1,0.9271933426999707,1,0.7050905627040082,1,0.7965675764656639,1,0.4958520478351752,0,0.7965256620929528,1,0.5667879428651175,1,0.5672784723888417,1,0.3451338817512715,0,Watch,Alert,Alert,Alert,Alert,Alert,Watch
Sangareddy,1970-01-01 00:00:00.000000044,17.86859205,77.82281995,0.3407949929837183,1,0.519799335729544,1,0.9911876485501483,1,0.9485261679589359,1,1.0,1,0.9859278608379887,1,0.4014692635310124,0,0.45930763011002695,0,0.9053259216100561,1,0.6437518469799159,1,0.17575710999219815,0,0.4655172166609689,0,0.9576974593531589,1,0.7101469377005356,1,Watch,Alert,Alert,Watch,Alert,Safe,Alert
Sangli,1970-01-01 00:00:00.000000051,17.1726928,74.58676543,0.23534410166514358,0,0.42075713532776604,0,0.9969010886091475,1,0.9965323799162749,1,0.9881050153138551,1,0.9905763466289035,1,0.30735000653995836,0,0.3270387748178185,0,0.5694998544415328,1,0.4927935863018852,0,0.6952987527749717,1,0.5152682428447457,1,0.9598010564374994,1,0.8267176878696814,1,Safe,Alert,Alert,Watch,Watch,Alert,Alert
Sangrur,1970-01-01 00:00:00.000000038,30.2093363,75.81842243,0.3290138950501057,1,0.4507775401831752,0,0.9314852210028118,1,0.9026982974089213,1,0.9751148323756064,1,0.9548922964291284,1,0.9548197790521976,1,0.9069039902422525,1,0.4178427115828386,1,0.3143471359969827,0,0.7904564933442718,1,0.7380746008157536,1,0.8459023113151839,1,0.24283225153629448,0,Watch,Alert,Alert,Alert,Watch,Alert,Alert
Saraikela Kharsawan,1970-01-01 00:00:00.000000048,22.7464225,85.91689291,0.26577808145203285,0,0.47421011052973644,0,0.8897806982043933,1,0.26976063394686545,0,0.9043464944771371,1,0.9951461956269566,1,0.8333636183455023,1,0.6369968541039209,1,0.6944378333707295,1,0.547692583697413,1,0.464531856934348,0,0.527081461243822,1,0.9387212576756734,1,0.7218111228086675,1,Safe,Alert,Alert,Alert,Alert,Watch,Alert
Satara,1970-01-01 00:00:00.000000050,17.63612885,74.29827808,0.3178812210613911,1,0.4096056478911006,0,0.9968875871899998,1,0.9623207212042656,1,0.9951418881947928,1,0.9924307958524143,1,0.14683627589756643,0,0.16837399600912972,0,0.9160653274194385,1,0.6964653297558323,1,0.21257552715084665,0,0.4823349138781463,0,0.9676078465007901,1,0.8980329577956107,1,Watch,Alert,Alert,Safe,Alert,Safe,Alert
Satna,1970-01-01 00:00:00.000000042,24.5,81.0,0.340385925777767,1,0.5047649484860219,1,0.919132576939356,1,0.28603501843921253,0,0.9827688235812732,1,0.9985240075029372,1,0.8699515316819406,1,0.6796724733823271,1,0.8547060809781792,1,0.5432324890911034,1,0.8201389213855813,1,0.5767622083105851,1,0.2206753491469938,0,0.4893528766699415,0,Watch,Alert,Alert,Alert,Alert,Alert,Safe
Sehore,1970-01-01 00:00:00.000000047,23.1156882,77.06623939,0.2779047890844246,0,0.3216319244410661,0,0.9970220270806862,1,0.9961322403101974,1,0.9617729371340643,1,0.9999252361411787,1,0.4330202659479325,0,0.05197141998809212,0,0.7304898442441078,1,0.636981128522256,1,0.6620541250552692,1,0.4402319702301991,0,0.7686204255246141,1,0.5375083433635034,1,Safe,Alert,Alert,Watch,Alert,Alert,Alert
Seoni,1970-01-01 00:00:00.000000032,22.2758789,79.72104465,0.41273071905970143,1,0.5219654305156549,1,0.9894427126139624,1,0.957767301572631,1,0.9800810091860922,1,0.9759536890456053,1,0.8847391715414141,1,0.6953638820050344,1,0.8337033158822711,1,0.6407494564465188,1,0.8534724913270149,1,0.6242415657770531,1,0.6981734739561547,1,0.45131073720016884,0,Watch,Alert,Alert,Alert,Alert,Alert,Alert
Seppa Town,1970-01-01 00:00:00.000000019,27.3594183,93.0406098,0.2956471787396991,1,0.300012994608323,0,0.9465018492082183,1,0.9472607215558345,1,0.9775057689382393,1,0.9783227580178092,1,0.9126818844421598,1,0.8244706956650485,1,0.8094515699236442,1,0.48281041376145134,0,0.8970757585557169,1,0.7734236049844427,1,0.9166614685253778,1,0.6862981686472474,1,Safe,Alert,Alert,Alert,Alert,Alert,Alert
Shahdol,1970-01-01 00:00:00.000000044,23.3002343,81.364771,0.39060234369664487,1,0.5056249494294311,1,0.9442744863928442,1,0.7370510510618116,1,0.9655370719587377,1,0.9914940480001551,1,0.9075467412586048,1,0.6781635599688043,1,0.7569873771385083,1,0.5569784234386305,1,0.8615540239360585,1,0.5580053887152143,1,0.8330264745634804,1,0.4973069922223929,0,Watch,Alert,Alert,Alert,Alert,Alert,Alert
Shajapur,1970-01-01 00:00:00.000000035,23.37074105,76.62051527,0.3139204604999655,1,0.3806166013804754,0,0.9962189682270648,1,0.9966377436902982,1,0.994864393856717,1,0.9981719293012862,1,0.8629136128082462,1,0.7099242050609377,1,0.5139910266104306,1,0.5488112788788421,1,0.8303796471157247,1,0.6915594888818345,1,0.7088417091127349,1,0.5750708600501265,1,Watch,Alert,Alert,Alert,Watch,Alert,Alert
Sheikhpura,1970-01-01 00:00:00.000000034,25.12635425,85.81510621,0.3272150446005391,1,0.4602458305337104,0,0.9286646197492066,1,0.6186609722024043,1,0.9780613957754862,1,0.9634517536927226,1,0.9757375860525157,1,0.8571415652362326,1,0.8706306437447928,1,0.41837745103126933,0,0.8174609669612058,1,0.6070872281426254,1,0.1859021277900033,0,0.28170535991844153,0,Watch,Alert,Alert,Alert,Alert,Alert,Safe
Shimla,1970-01-01 00:00:00.000000036,31.1041526,77.1709729,0.3922041593837251,1,0.4676962599912361,0,0.7949577121134805,1,0.4993229349983668,0,0.9678110560022354,1,0.7696632238545745,1,0.8327019681255546,1,0.8567506584910799,1,0.2816776327763331,1,0.4800861942061071,0,0.8081422308840877,1,0.7189982305396416,1,0.8726940728259485,1,0.567065461623098,1,Watch,Alert,Alert,Alert,Safe,Alert,Alert
Shimoga,1970-01-01 00:00:00.000000046,13.9326093,75.574978,0.30439982736982285,1,0.4841013629640471,0,0.995899551405389,1,0.9876265692689197,1,0.9923235784383493,1,0.9984859085451773,1,0.17872258514859068,0,0.1727976257686195,0,0.7629402436062881,1,0.6531820053640917,1,0.33850070987735226,0,0.4452412375073526,0,0.9818368027938673,1,0.9036811388232144,1,Watch,Alert,Alert,Safe,Alert,Watch,Alert
Shivamogga,1970-01-01 00:00:00.000000024,13.9326093,75.574978,0.31706735019729393,1,0.3741711570029881,0,0.9971500276843263,1,0.9996610100171183,1,0.9824813594281043,1,0.8768129735406013,1,0.682767041039169,1,0.3734787483462014,0,0.7299721988784955,1,0.6601212020992222,1,0.6941307284566816,1,0.5003152283875073,1,0.9471795959795076,1,0.9216460713385319,1,Watch,Alert,Alert,Alert,Alert,Alert,Alert
Shivpuri,1970-01-01 00:00:00.000000040,25.37524125,77.82811933,0.28805014097979154,0,0.517824486778403,1,0.9418818779242836,1,0.9579421019797681,1,0.9735426267362065,1,0.9926849426681585,1,0.7661310726033186,1,0.7403258849973816,1,0.8494691957328924,1,0.5054969434466531,1,0.3233497375038007,0,0.5071762330651747,1,0.6758645093489106,1,0.40736920967580215,0,Safe,Alert,Alert,Alert,Alert,Watch,Alert
Sholapur,1970-01-01 00:00:00.000000045,17.6912883,75.8841635,0.39228797759409567,1,0.5612780306171328,1,0.9839219770666261,1,0.994404081868301,1,0.9950120594526916,1,0.9952638537791547,1,0.6024361899565883,1,0.29217268733731483,0,0.8442799073157096,1,0.7197862972080862,1,0.3539188084911993,0,0.5703201897098027,1,0.9692022120722261,1,0.7490293330375704,1,Watch,Alert,Alert,Alert,Alert,Watch,Alert
Shopian,1970-01-01 00:00:00.000000035,33.718807,74.8333311,0.25448433756395933,0,0.43700794511733715,0,0.9545146755079568,1,0.9537397011682068,1,0.9936706572154053,1,0.996005522285304,1,0.949599914217794,1,0.7651946669246626,1,0.8802059554245094,1,0.45556114347905574,0,0.9304684164415927,1,0.8317511561320355,1,0.972503712190312,1,0.36490747177105043,0,Safe,Alert,Alert,Alert,Alert,Alert,Alert
Sibsagar,1970-01-01 00:00:00.000000045,26.96388985,94.58213345,0.3381626308740893,1,0.3618766701823929,0,0.6616582497289729,1,0.13389693344359302,0,0.981411334679025,1,0.9794624919113067,1,0.8924843813711798,1,0.8740463923657735,1,0.23647106231535062,1,0.4668128131974386,0,0.8014998339583038,1,0.672699480548806,1,0.8889955404605464,1,0.5098009983685152,1,Watch,Alert,Alert,Alert,Safe,Alert,Alert
Siddharth Nagar,1970-01-01 00:00:00.000000043,27.25264095,82.86964796,0.37312962295675606,1,0.48735521268051835,0,0.8167417318921154,1,0.2956474002665982,0,0.9980876224767286,1,0.9966808686996113,1,0.8919461484737525,1,0.744684032755533,1,0.3264075266119382,1,0.44424403053206835,0,0.8170987038136149,1,0.6313670667880407,1,0.9020539497692776,1,0.5522433112881451,1,Watch,Alert,Alert,Alert,Watch,Alert,Alert
Sidhi,1970-01-01 00:00:00.000000034,24.25,82.0,0.3994215588248717,1,0.34203699330706977,0,0.9849719142461997,1,0.9814584330368123,1,0.9536768111114253,1,0.980980122556786,1,0.9100603786712445,1,0.7617916144855833,1,0.9320956023873184,1,0.9348132189830515,1,0.8099178656097921,1,0.5695687260055795,1,0.07711321146410899,0,0.000931483557004213,0,Watch,Alert,Alert,Alert,Alert,Alert,Safe
Sikar,1970-01-01 00:00:00.000000041,27.662826,75.02792629,0.4413717570145348,1,0.5598865287573003,1,0.991192591349401,1,0.9990375370258333,1,0.9711721350619327,1,0.9956635270947198,1,0.8357322040449127,1,0.49003429625945333,0,0.7802236517445258,1,0.5192905745527663,1,0.7494164966046215,1,0.6914298267168204,1,0.8888182763303292,1,0.3753613957562212,0,Watch,Alert,Alert,Alert,Alert,Alert,Alert
Sindhudurg,1970-01-01 00:00:00.000000048,16.1357193,73.6522086,0.4363287003261658,1,0.5504457134953129,1,0.9876118181525305,1,0.9464290556135662,1,0.9967891910938423,1,0.9989183094967089,1,0.8839211795119534,1,0.5227017579614129,1,0.8830322235671472,1,0.7208869387611746,1,0.4644098738139029,0,0.46087270226006727,0,0.5761387236884661,1,0.5484806975141994,1,Watch,Alert,Alert,Alert,Alert,Watch,Watch
Singrauli,1970-01-01 00:00:00.000000035,24.1974432,82.6661453,0.44377440091441156,1,0.4762718791862124,0,0.974759420981646,1,0.6309127134605059,1,0.9900596459364338,1,0.9708251163517356,1,0.9700344025067135,1,0.8186836242975014,1,0.8036897687223866,1,0.48756749539023453,0,0.829960623093364,1,0.6140398408982848,1,0.5617367027712749,1,0.3281655432117948,0,Watch,Alert,Alert,Alert,Alert,Alert,Watch
Sivaganga,1970-01-01 00:00:00.000000052,9.851231,78.53047155,0.4505221133412263,1,0.5641373503250444,1,0.9970850975555872,1,0.9946825112209763,1,1.0,1,0.9985050284174082,1,0.22175421645244328,0,0.2779633252954536,0,0.8787157740737026,1,0.7254954191405489,1,0.18112330808359287,0,0.22821973072998458,0,0.9844036218768634,1,0.8342511780011207,1,Watch,Alert,Alert,Safe,Alert,Safe,Alert
Sivasagar,1970-01-01 00:00:00.000000031,26.9834936,94.6394226,0.39333110596685755,1,0.46763148566309554,0,0.08271461805152931,1,0.0006712037768959688,0,0.9895446892619888,1,0.9976900333021764,1,0.928430816511514,1,0.9944233565342881,1,0.2307766734600623,1,0.072964536841492,0,0.823032820853898,1,0.4980932170455183,0,0.7160216034947223,1,0.4961941327527371,0,Watch,Safe,Alert,Alert,Safe,Alert,Alert
Siwan,1970-01-01 00:00:00.000000035,26.1310043,84.39125661,0.37162076928120846,1,0.5570041799958321,1,0.957072168536308,1,0.7411505654089651,1,0.9841118670556809,1,0.8799243072852433,1,0.9287340915120257,1,0.7302474638887161,1,0.833133435655658,1,0.25193714574067483,0,0.5864418459763604,1,0.608896659664798,1,0.6816275901503074,1,0.5239572733391931,1,Watch,Alert,Alert,Alert,Alert,Watch,Alert
Solan,1970-01-01 00:00:00.000000036,30.92589585,77.08200509,0.3202185109669382,1,0.4605723393506599,0,0.6759259630825929,1,0.6501488919993249,1,0.9432231411578611,1,0.17733394722279322,0,0.7726354455325519,1,0.6488340475095496,1,0.8176887562804834,1,0.6167829363450907,1,0.3507687415425015,0,0.8047626445014733,1,0.9125487921027212,1,0.2121485892595588,0,Watch,Alert,Alert,Alert,Alert,Watch,Alert
Sonitpur,1970-01-01 00:00:00.000000050,26.76777075,92.70140886,0.33168095007433357,1,0.5349905113945858,1,0.921940176618737,1,0.3147722783347306,0,0.9160320406234562,1,0.9929612051187059,1,0.6796278230260846,1,0.7237909956699423,1,0.5948699306551551,1,0.09312518060419397,0,0.4580809078974957,0,0.5865517482243355,1,0.8628967891467975,1,0.8782876378099068,1,Watch,Alert,Alert,Alert,Watch,Watch,Alert
South 24 Parganas,1970-01-01 00:00:00.000000044,22.5760669,88.42006758,0.2662809024176249,0,0.5150280389198998,1,0.9665442141599453,1,1.0,1,0.9852918640970356,1,1.0,1,0.8249679346231379,1,0.9999983319369525,1,0.4680256290820491,1,0.8164902492527514,1,0.3380403118011002,0,0.9488624574063383,1,0.8955922654090058,1,0.9994531108990755,1,Safe,Alert,Alert,Alert,Watch,Watch,Alert
South Goa,1970-01-01 00:00:00.000000041,15.21961365,74.1152813,0.4687684355403659,1,0.5477515485207992,1,0.9971800766283525,1,0.9890437656860932,1,0.9975212492429516,1,0.999602128425318,1,0.7940367891572224,1,0.4975168200709728,0,0.9132438156270941,1,0.744465754322529,1,0.19437664091768156,0,0.40297584378577617,0,0.7535343925124959,1,0.6845817057457655,1,Watch,Alert,Alert,Alert,Alert,Safe,Alert
Srikakulam,1970-01-01 00:00:00.000000045,18.32002205,83.9160772,0.4179104503041975,1,0.5097787285664798,1,0.9708531396104767,1,0.7828956237950322,1,0.9968286321700619,1,0.9957453414791362,1,0.843845215378034,1,0.48836253475891594,0,0.8430518719711642,1,0.5930036601136683,1,0.33748760124889543,0,0.5281014639020465,1,0.9110599829797248,1,0.7546199846332051,1,Watch,Alert,Alert,Alert,Alert,Watch,Alert
Subarnapur,1970-01-01 00:00:00.000000041,19.08143,84.5144503,0.3991427474946028,1,0.5547674205333771,1,0.834029015720261,1,0.5024404973099652,1,0.942865947731508,1,0.998536405226743,1,0.9578461896793686,1,0.7872730642546635,1,0.8676304071898574,1,0.5870513747866195,1,0.8451752297382401,1,0.40333761797689904,0,0.7216342542468276,1,0.4948472051648609,0,Watch,Alert,Alert,Alert,Alert,Alert,Alert
Sundargarh,1970-01-01 00:00:00.000000037,22.13327195,83.9796528,0.3811414604944786,1,0.4935268836234621,0,0.8385453728269249,1,0.44485261178853625,0,0.9243701687877922,1,0.349332131632797,0,0.9075191234520236,1,0.7656567486949312,1,0.7984697195579206,1,0.5403313890172508,1,0.8429657281736033,1,0.5777547216652393,1,0.22346465782516234,0,0.263398143625904,0,Watch,Alert,Alert,Alert,Alert,Alert,Safe
Surat,1970-01-01 00:00:00.000000051,21.19177615,72.95441578,0.397088382316544,1,0.4309567900311701,0,1.0,1,0.99556684080294,1,0.9907778772774963,1,0.9969731870542715,1,0.7926294429347869,1,0.4905898477657321,0,0.6739374107271117,1,0.5423125176052567,1,0.8235404430066509,1,0.5105741556557307,1,0.9730706615109042,1,0.788186237381008,1,Watch,Alert,Alert,Alert,Alert,Alert,Alert
Surendranagar,1970-01-01 00:00:00.000000043,22.75,71.666667,0.3861639391929695,1,0.3519371021612088,0,0.9970666221125875,1,0.9999526825152942,1,0.9900522868333616,1,0.9966682900253714,1,0.6755412191931963,1,0.5668065915391896,1,0.7346530728353856,1,0.6831568300436054,1,0.7492677444314718,1,0.7167175738689245,1,0.856503046116903,1,0.7155120098230473,1,Watch,Alert,Alert,Alert,Alert,Alert,Alert
Surguja,1970-01-01 00:00:00.000000031,23.25,83.0,0.43704999763645686,1,0.45936000584990894,0,0.9764225252156454,1,0.8756967388120356,1,0.966509305070961,1,0.9889753434625153,1,0.859841259225258,1,0.7740499831581729,1,0.8133195841824127,1,0.7113761047494389,1,0.8350812298420452,1,0.5820557961430088,1,0.6241905952804772,1,0.24673022499334796,0,Watch,Alert,Alert,Alert,Alert,Alert,Alert
Tapi,1970-01-01 00:00:00.000000042,21.1060413,72.7008247,0.47280371400551474,1,0.5633925894766173,1,0.9941604415368552,1,0.9998933750026378,1,0.9955182578463488,1,0.9973637760287551,1,0.6180724958232824,1,0.46298667206763344,0,0.7931632135582611,1,0.493562306411506,0,0.5028290182398346,1,0.4990165386366954,0,0.9518897558470367,1,0.8413405000261567,1,Watch,Alert,Alert,Alert,Alert,Watch,Alert
Tehri,1970-01-01 00:00:00.000000036,30.40260205,78.38835789,0.38772723729904235,1,0.4715705736554148,0,0.723033532926775,1,0.11580047670498586,0,0.9591871991844774,1,0.9293731177087664,1,0.8486742585092361,1,0.7808565129342078,1,0.9142700286710526,1,0.5470834291086274,1,0.5176556337934562,1,0.7099787690221723,1,0.9300144064417473,1,0.17523288380763566,0,Watch,Alert,Alert,Alert,Alert,Watch,Alert
Thane,1970-01-01 00:00:00.000000050,19.1943294,72.9701779,0.26370294807888617,0,0.5301823515748934,1,0.9979497817959138,1,0.9961838535133011,1,0.9994593459345935,1,0.9993142819036253,1,0.7359386478651451,1,0.4989810293153883,0,0.8459171820699465,1,0.9327012751774106,1,0.5532330580452312,1,0.4735835669138851,0,0.5138439538360753,0,0.246505188920389,0,Safe,Alert,Alert,Alert,Alert,Watch,Watch
Thanjavur,1970-01-01 00:00:00.000000050,10.7860267,79.1381497,0.5258359057925125,1,0.4691851788114397,0,0.9925332627951982,1,0.9728693244351303,1,0.9968665203063201,1,0.9787284858573863,1,0.33025842249056525,0,0.2721065360856211,0,0.8488545246361644,1,0.7742029108029536,1,0.22739439795074332,0,0.28533496272070974,0,0.9411004524287523,1,0.7478491407692552,1,Watch,Alert,Alert,Watch,Alert,Safe,Alert
Theni,1970-01-01 00:00:00.000000046,9.9696643,77.47420049,0.5689476096045755,1,0.5364161718424894,1,0.9823064751693306,1,0.9591304201010975,1,0.9984223704715379,1,0.9918879963079648,1,0.2373714930880329,0,0.26694981134213847,0,0.8971098229203193,1,0.78722163703888,1,0.20459220085803062,0,0.2547453999775568,0,0.9748694794100059,1,0.8092342649496416,1,Watch,Alert,Alert,Safe,Alert,Safe,Alert
Thiruvallur,1970-01-01 00:00:00.000000047,13.13014755,79.92435386,0.3348635159442532,1,0.47376995420335,0,0.9973481021537577,1,0.9927271702122915,1,0.9992243457300276,1,0.9971555175459882,1,0.5316250073609984,0,0.34688759249501117,0,0.874148732361036,1,0.6918345913461057,1,0.2863750399687894,0,0.38556684883416503,0,0.958966316267472,1,0.8592278729623464,1,Watch,Alert,Alert,Watch,Alert,Safe,Alert
Thiruvananthapuram,1970-01-01 00:00:00.000000041,8.4882267,76.947551,0.38840337097255784,1,0.5370508925586543,1,0.9988048067554401,1,0.9999975905538351,1,0.920381427497458,1,0.6519485881133892,1,0.6052709408141044,1,0.2782901285181096,0,0.8119807786944102,1,0.8580211753854307,1,0.6956176310163601,1,0.4705748845396312,0,0.8017309770213266,1,0.9928483469116415,1,Watch,Alert,Alert,Alert,Alert,Alert,Alert
Thiruvannamalai,1970-01-01 00:00:00.000000041,9.539867,77.6197904,0.519080271755729,1,0.5295254361814637,1,0.9937551042310114,1,0.9869233299232056,1,0.9935497436566527,1,0.9730424940200353,1,0.12392136328506163,0,0.3021084344268579,0,0.9305635892266594,1,0.769582696262741,1,0.15831531932814905,0,0.2446472049052963,0,0.9568222494460832,1,0.7702989242714664,1,Watch,Alert,Alert,Safe,Alert,Safe,Alert
Thiruvarur,1970-01-01 00:00:00.000000037,10.73618605,79.63318659,0.4232512459747723,1,0.4641023930469609,0,0.995589911136064,1,0.9990765307749571,1,0.9969805951775451,1,0.995700389525672,1,0.7099764317167192,1,0.3481880848625784,0,0.8990946578215515,1,0.6662064006426472,1,0.4581978377517274,0,0.3644539107337384,0,0.9640690276241759,1,0.8949064016689598,1,Watch,Alert,Alert,Alert,Alert,Watch,Alert
Thoothukudi,1970-01-01 00:00:00.000000040,8.8052602,78.1452745,0.5622404659554586,1,0.5673052554920995,1,1.0,1,0.9987664465031428,1,0.9967330757390501,1,0.9989486081533377,1,0.14009671507622634,0,0.18423253889746008,0,0.87282920495843,1,0.6595278984728576,1,0.14242893191949513,0,0.237031835569982,0,0.9814070567120935,1,0.928713333663187,1,Watch,Alert,Alert,Safe,Alert,Safe,Alert
Thrissur,1970-01-01 00:00:00.000000047,10.5256264,76.2132542,0.4074859948403856,1,0.4893693201685513,0,0.9602388557246196,1,0.9655756690379425,1,0.9987157092474248,1,0.996906074183106,1,0.9089907680219202,1,0.5455651127587672,1,0.8790797581128732,1,0.8001831062087951,1,0.2296841351079989,0,0.2880829835089864,0,0.8758067676400234,1,0.7361148337121859,1,Watch,Alert,Alert,Alert,Alert,Safe,Alert
Tikamgarh,1970-01-01 00:00:00.000000043,24.85577805,79.04706347,0.3145490566361074,1,0.4934203855558165,0,0.9835465789480967,1,0.9865081348837824,1,0.971522537818066,1,0.9792257954215136,1,0.6767647549722531,1,0.6484927518068294,1,0.7902032465589028,1,0.622910854932016,1,0.762889427052828,1,0.5909888516737086,1,0.8040829550265916,1,0.43128635785256086,0,Watch,Alert,Alert,Alert,Alert,Alert,Alert
Tinsukia,1970-01-01 00:00:00.000000045,27.52016575,95.53063473,0.36474845872695816,1,0.2903015413091875,0,0.47885312940262803,1,0.018642398655464743,0,0.9682035526507521,1,0.9354671854597087,1,0.7980947558835211,1,0.8695455843044887,1,0.3202344660228574,1,0.48822523418356345,0,0.5790332919079427,1,0.679356137591695,1,0.8724377064715497,1,0.4593898527631006,0,Watch,Watch,Alert,Alert,Watch,Watch,Alert
Tiruchirapalli,1970-01-01 00:00:00.000000040,10.8219673,78.6830614,0.41162826193636176,1,0.48186673064925983,0,0.9970070788060778,1,0.9981644378361351,1,0.9968022481186956,1,0.9759329544202492,1,0.2539699506119297,0,0.2293919286177614,0,0.9051668603726543,1,0.7644087658832912,1,0.21697438096109076,0,0.3001587806614884,0,0.9467275735393686,1,0.7803490122539983,1,Watch,Alert,Alert,Safe,Alert,Safe,Alert
Tiruchirappalli,1970-01-01 00:00:00.000000029,10.7992254,78.6811423,0.5611118725786065,1,0.5871043059359663,1,1.0,1,0.9999260078002359,1,1.0,1,0.9993852982873767,1,0.1260290103221893,0,0.17472299739457575,0,0.561951859537156,1,0.620610729491262,1,0.4285500187064839,0,0.28411655406290987,0,0.9790117847637223,1,0.865929695873806,1,Watch,Alert,Alert,Safe,Watch,Watch,Alert
Tirunelveli,1970-01-01 00:00:00.000000050,8.7284271,77.7112925,0.4495591964577275,1,0.5397494439944828,1,0.9985827620734807,1,0.9907386461322404,1,0.9986146986469866,1,0.9924082116936478,1,0.544712142672758,0,0.2856739789965058,0,0.8313958340571393,1,0.8027221420668538,1,0.2003875463641924,0,0.30075267319914756,0,0.9007663611514145,1,0.8171866397437719,1,Watch,Alert,Alert,Watch,Alert,Safe,Alert
Tiruvallur,1970-01-01 00:00:00.000000049,13.1394221,79.9070839,0.31993319011455323,1,0.4242081177368609,0,0.9830617577842268,1,0.9855321122540592,1,0.9930916530296634,1,0.9662795251807439,1,0.8269701405598334,1,0.41989823856984493,0,0.9060778600248715,1,0.782811994712603,1,0.3777116847736702,0,0.47616891389903854,0,0.9078754943513013,1,0.8410395059493988,1,Watch,Alert,Alert,Alert,Alert,Watch,Alert
Tiruvannamalai,1970-01-01 00:00:00.000000051,12.22721295,79.07015555,0.5005009813273237,1,0.5535983884062938,1,0.9907600655917741,1,0.9171767478409626,1,1.0,1,0.9964848888314206,1,0.46260159831139785,0,0.31964093479214345,0,0.6797710590299353,1,0.6721904619679955,1,0.3014435245803645,0,0.2935199381409952,0,0.9836859148412994,1,0.9220814151987924,1,Watch,Alert,Alert,Watch,Alert,Watch,Alert
Tiruvarur,1970-01-01 00:00:00.000000052,10.7760127,79.6199369,0.37006671739600105,1,0.4653760814409411,0,0.998711334189331,1,0.9996728581066547,1,0.9967601382364436,1,0.9990212344354812,1,0.6736826940514877,1,0.2774350833069798,0,0.8599681343136046,1,0.7685588929875753,1,0.699189683968353,1,0.39463670743967894,0,0.7143103619908808,1,0.8761050906495303,1,Watch,Alert,Alert,Alert,Alert,Alert,Alert
Tonk,1970-01-01 00:00:00.000000034,26.12214725,75.66375374,0.4026965599975075,1,0.47409670128496456,0,0.9844960805955542,1,0.99653447806794,1,0.9725874081082994,1,0.9613974898710981,1,0.7452779118393457,1,0.5698088320064539,1,0.5169869617514278,1,0.5809487652235774,1,0.4605110581739384,0,0.7723051564413987,1,0.7934149061351076,1,0.39241432167885754,0,Watch,Alert,Alert,Alert,Watch,Watch,Alert
Trichy,1970-01-01 00:00:00.000000050,10.7992254,78.6811423,0.3428669108742053,1,0.5469347823526914,1,1.0,1,0.999892436279362,1,0.9983781950098307,1,0.9961417237604777,1,0.25932890229200345,0,0.22923886294820617,0,0.9270468712105484,1,0.7403068190704444,1,0.26252139090854504,0,0.34836566065508623,0,0.9623870235069473,1,0.8505331515728167,1,Watch,Alert,Alert,Safe,Alert,Safe,Alert
Trivandrum,1970-01-01 00:00:00.000000049,8.4882267,76.947551,0.5242087034555922,1,0.5822522521502341,1,0.9903658888393462,1,0.9937059062550411,1,1.0,1,0.9956121682761602,1,0.19992353208892188,0,0.4032293717779723,0,0.8516836647741296,1,0.6998283717401006,1,0.2866816839583548,0,0.1912663733187471,0,0.9591777615258524,1,0.9000573947557491,1,Watch,Alert,Alert,Safe,Alert,Safe,Alert
Tumkur,1970-01-01 00:00:00.000000049,13.3400771,77.1006208,0.26215805952990434,0,0.5216967189131545,1,0.99121120453684,1,0.9994952000943259,1,0.9919929044110688,1,0.9999041481975331,1,0.4059243796130959,0,0.26454239711233857,0,0.8228557088734076,1,0.6794819151485776,1,0.45101371323415623,0,0.40074788484278395,0,0.9295368559248095,1,0.9610870465768073,1,Safe,Alert,Alert,Watch,Alert,Watch,Alert
Udaipur,1970-01-01 00:00:00.000000038,24.578721,73.6862571,0.46453802882026934,1,0.4881432056216615,0,0.8497520117727748,1,0.7974059964003206,1,0.9257676005133514,1,0.9846149454609613,1,0.8980395327270988,1,0.7927352584927685,1,0.29015660658804715,1,0.37511470632401206,0,0.8033173467173498,1,0.5770664267458985,1,0.67667213064999,1,0.7072639574085675,1,Watch,Alert,Alert,Alert,Safe,Alert,Alert
Udalguri,1970-01-01 00:00:00.000000050,26.77253155,92.10641749,0.2476166309189037,0,0.3783079801592101,0,0.30219991952562936,1,0.008517520421537453,0,0.9284001517130863,1,0.9852464958964524,1,0.8275835103417046,1,0.6806727667029017,1,0.8576583830212011,1,0.5732133296399365,1,0.8805088875521285,1,0.6265169618005615,1,0.28434359797276665,0,0.32178795826597445,0,Safe,Watch,Alert,Alert,Alert,Alert,Safe
Udupi,1970-01-01 00:00:00.000000037,13.3419169,74.7473232,0.5473060037235863,1,0.5953202178262751,1,0.9895561714076644,1,0.9440403881524592,1,0.9935865105748852,1,0.9998540640655855,1,0.9264952150601707,1,0.6103821232554518,1,0.5417209177776937,1,0.7418721133606705,1,0.1690102085523119,0,0.306181226339549,0,0.7356038074165795,1,0.6684470288928844,1,Watch,Alert,Alert,Alert,Watch,Safe,Alert
Ujjain,1970-01-01 00:00:00.000000023,23.1885131,75.7716562,0.35514955801762915,1,0.5201443189386095,1,0.9971037701397013,1,0.9999981158783543,1,0.9176254550486465,1,0.980730628607326,1,0.7038460454884206,1,0.27012292733966814,0,0.8100294742972147,1,0.7025910595290392,1,0.7198132683630882,1,0.6629957779371038,1,0.7899204991734257,1,0.4618036569724384,0,Watch,Alert,Alert,Alert,Alert,Alert,Alert
Umaria,1970-01-01 00:00:00.000000035,23.64319305,80.94239522,0.38816727163750075,1,0.5506625120132539,1,0.9943821563964974,1,0.8478327957727194,1,0.993313645537325,1,0.9724560298403382,1,0.9418207469544035,1,0.6429594713321811,1,0.8230642333712875,1,0.4907173057984943,0,0.7777953802255827,1,0.5652724311411977,1,0.19467348943004373,0,0.4255732384163687,0,Watch,Alert,Alert,Alert,Alert,Alert,Safe
Unnao,1970-01-01 00:00:00.000000034,26.57550365,80.61376178,0.32787890854723223,1,0.3788876147661544,0,0.982454011256267,1,0.9991039629249142,1,0.9804894899960765,1,0.8830163023110803,1,0.9230343711595139,1,0.8695835122910527,1,0.8034437081423246,1,0.5142614238270407,1,0.730956845708874,1,0.7475053798016539,1,0.7852351344751051,1,0.3574322879292271,0,Watch,Alert,Alert,Alert,Alert,Alert,Alert
Upper Siang,1970-01-01 00:00:00.000000036,28.73120455,95.03773151,0.4674881019107445,1,0.4488937750447646,0,0.8719214323924566,1,0.04071650557368834,0,0.9281762412404682,1,0.9977373063786613,1,0.7778414005796189,1,0.7666343121301837,1,0.8869477872317748,1,0.8685120864909927,1,0.37739816066323956,0,0.7327731739489807,1,0.6960334647578718,1,0.036696021832119494,0,Watch,Alert,Alert,Alert,Alert,Watch,Alert
Uttara Kannada,1970-01-01 00:00:00.000000038,14.72447415,74.64223734,0.37171734027901243,1,0.5168363758968397,1,0.9890871942357516,1,0.9019732133333417,1,0.9979968549278387,1,0.9992472543804576,1,0.7854552863108941,1,0.5117527011669518,1,0.31083735341319524,1,0.660633624686951,1,0.6023666107480563,1,0.4047527871965989,0,0.9741710200717619,1,0.8751775141641295,1,Watch,Alert,Alert,Alert,Watch,Alert,Alert
Uttarkashi,1970-01-01 00:00:00.000000031,30.7291049,78.4403495,0.36508193462947375,1,0.4317641798483516,0,0.41410440791871195,1,0.0709398409825308,0,0.9683969762985951,1,0.9864391605227518,1,0.842398909805791,1,0.6961162651029879,1,0.7296492145951072,1,0.572394433579455,1,0.8433003182265837,1,0.7397367902545704,1,0.8970483610746726,1,0.20762329275106842,0,Watch,Watch,Alert,Alert,Alert,Alert,Alert
Vadodara,1970-01-01 00:00:00.000000042,22.2973142,73.1942567,0.3902021432288144,1,0.5444879491797454,1,0.9951042486059125,1,0.9834740119956799,1,0.9967173852083746,1,0.9979548063919993,1,0.26821331193840364,0,0.6647106046808453,1,0.487706177223023,1,0.4355086565045281,0,0.5845816283505219,1,0.41159654889768904,0,0.9665101103185013,1,0.6736863856633192,1,Watch,Alert,Alert,Safe,Watch,Watch,Alert
Vaishali,1970-01-01 00:00:00.000000041,25.95322565,85.1445776,0.43985506469199653,1,0.5146936372713864,1,0.8983415383834003,1,0.7362270080825078,1,0.9448346477861187,1,0.9083233542517853,1,0.9604380584713762,1,0.8199054793650548,1,0.8131886874793118,1,0.4909043878705887,0,0.8279732982535575,1,0.6112772396489154,1,0.7702417195850512,1,0.4149503703999721,0,Watch,Alert,Alert,Alert,Alert,Alert,Alert
Valsad,1970-01-01 00:00:00.000000039,20.43219565,73.1409893,0.3424087764027436,1,0.4661249325569099,0,0.9779265264817597,1,0.9681073769871891,1,0.9910961323199822,1,0.9997597844584843,1,0.8593868911999141,1,0.7943661635609892,1,0.8612520060529596,1,0.7059476335745053,1,0.8201430320050853,1,0.4601685675985172,0,0.7925804100075294,1,0.6357930219151978,1,Watch,Alert,Alert,Alert,Alert,Alert,Alert
Vellore,1970-01-01 00:00:00.000000048,12.7948109,79.0006411,0.36105871422137636,1,0.4789694469374011,0,0.982697852706908,1,0.9630687961246911,1,0.9762712677956572,1,0.9857157592807555,1,0.8201915734968181,1,0.40824592862898956,0,0.826120309896006,1,0.7754021842818325,1,0.3728283138527407,0,0.3653248864069452,0,0.9137521861262639,1,0.7405745492502698,1,Watch,Alert,Alert,Alert,Alert,Watch,Alert
Vidisha,1970-01-01 00:00:00.000000035,23.5225788,77.8148001,0.3807957384627921,1,0.4555418508417344,0,0.9971037701397013,1,0.9828795228171062,1,0.9828460953078504,1,0.9982657179165467,1,0.9445260170825909,1,0.7756030737817484,1,0.8172811479410783,1,0.51526997408997,1,0.8390184175094831,1,0.6174332417662471,1,0.7392426134820509,1,0.6009884037077498,1,Watch,Alert,Alert,Alert,Alert,Alert,Alert
Vijayapur,1970-01-01 00:00:00.000000023,16.8054103,75.7179353,0.35134236520625756,1,0.5086539122160296,1,0.9943906757458052,1,0.9992024012118341,1,0.9888646770176418,1,0.9814294392683813,1,0.19972465840315046,0,0.22639145895422538,0,0.844060363651463,1,0.5389314289686004,1,0.5013758039151485,1,0.4302660576511326,0,0.6767399275066301,1,0.6262164146181997,1,Watch,Alert,Alert,Safe,Alert,Watch,Alert
Villupuram,1970-01-01 00:00:00.000000051,11.9415377,79.4861469,0.32717834271038554,1,0.5077647355622921,1,0.9904860791995311,1,0.9778783989998923,1,1.0,1,0.9982713585364745,1,0.8350007513540227,1,0.44734656503442555,0,0.7940164985546407,1,0.6767037667552833,1,0.5911360601651358,1,0.3203907130909895,0,0.9378596706982635,1,0.8568155442541368,1,Watch,Alert,Alert,Alert,Alert,Watch,Alert
Virudhunagar,1970-01-01 00:00:00.000000049,9.5208936,77.8784564,0.3596156747824759,1,0.5168175838493112,1,0.9954447809861402,1,0.9935766473788451,1,1.0,1,0.9925474162576263,1,0.3881856021061692,0,0.3838126444340495,0,0.8917784803706106,1,0.8715918317001059,1,0.23597485904659066,0,0.26020975079325936,0,0.9145399768141381,1,0.696909714982266,1,Watch,Alert,Alert,Watch,Alert,Safe,Alert
Visakhapatnam,1970-01-01 00:00:00.000000049,17.7222517,83.32670984,0.3333940669495953,1,0.4956033535965006,0,0.9970636907384287,1,0.873082573969003,1,0.987507922219634,1,0.9968044069245581,1,0.8070704326804272,1,0.4317585072760626,0,0.7583528228346438,1,0.5853555143327102,1,0.8060702878338943,1,0.4579808399002321,0,0.9614039128110087,1,0.8575822491710768,1,Watch,Alert,Alert,Alert,Alert,Alert,Alert
Vizianagaram,1970-01-01 00:00:00.000000049,18.1120819,83.40521962,0.29340703105254234,1,0.47736031516401234,0,0.9374986130564327,1,0.7810653791696798,1,0.9427556917815315,1,0.9767119889807251,1,0.8387540443646755,1,0.5908582381610618,1,0.7601241105685808,1,0.6185164332001888,1,0.837075500986843,1,0.3966569201409001,0,0.9615874628076686,1,0.8175734783945828,1,Safe,Alert,Alert,Alert,Alert,Alert,Alert
Warangal,1970-01-01 00:00:00.000000038,17.9820644,79.5970954,0.3908128825590615,1,0.4457954147413249,0,0.9846254128053412,1,0.9743120631132082,1,0.9875235608581983,1,0.9867971077680427,1,0.9245088041995679,1,0.7064232202219,1,0.834492696982453,1,0.649644039638233,1,0.8445704626955216,1,0.49387900978719734,0,0.7305806110171624,1,0.6443635528232058,1,Watch,Alert,Alert,Alert,Alert,Alert,Alert
Wardha,1970-01-01 00:00:00.000000045,20.82562315,78.6131455,0.5181535966598454,1,0.5424463972272191,1,0.9941758249832939,1,0.9180310688541219,1,0.9991238817580708,1,0.9991290383039942,1,0.7070367824834489,1,0.6320385521103898,1,0.8383654366344563,1,0.5034705263396718,1,0.19677706363709238,0,0.42976396854955856,0,0.7879386599721981,1,0.5597608054570065,1,Watch,Alert,Alert,Alert,Alert,Safe,Alert
Washim,1970-01-01 00:00:00.000000038,20.28741775,77.2369655,0.47420314235660926,1,0.4615965638138899,0,0.9986253268584236,1,0.999529760391985,1,0.9318349674522282,1,0.18899698743544585,0,0.21022127654325282,0,0.5236880697225903,1,0.8459525628101036,1,0.6536164083127266,1,0.2888541919384769,0,0.6349918515019262,1,0.9732288884032098,1,0.806748671890609,1,Watch,Alert,Alert,Safe,Alert,Safe,Alert
Wayanad,1970-01-01 00:00:00.000000047,11.715219,76.12690295,0.33239221614807113,1,0.4705297076959382,0,0.8384939367627023,1,0.9051226190966641,1,0.9492959293290124,1,0.9754952160221965,1,0.6947975834820335,1,0.4039548476866786,0,0.6952266707939888,1,0.7086381139554386,1,0.7438988762771918,1,0.30052912191744297,0,0.977690156349619,1,0.8623073246582046,1,Watch,Alert,Alert,Alert,Alert,Alert,Alert
West Champaran,1970-01-01 00:00:00.000000036,26.6919717,84.5796928,0.4194779842115852,1,0.4734702885465526,0,0.8580159321205444,1,0.28904399446520984,0,0.9700050704779951,1,0.9537726673875344,1,0.9485722940664028,1,0.8591801119811182,1,0.8332820199284635,1,0.3774703264150964,0,0.8127516082128149,1,0.6405442918136548,1,0.7974113812480852,1,0.3853289104489645,0,Watch,Alert,Alert,Alert,Alert,Alert,Alert
West Godavari,1970-01-01 00:00:00.000000050,16.63713765,81.58909666,0.34824952356333255,1,0.5118228367695328,1,0.9825175601439037,1,0.9678264430105713,1,0.9985358383959599,1,0.9996488922460364,1,0.7982539775335187,1,0.5611185030454404,1,0.8518188785831402,1,0.5359612151410467,1,0.28138656878829627,0,0.38373977426089284,0,0.9399989574050704,1,0.8289898502749892,1,Watch,Alert,Alert,Alert,Alert,Safe,Alert
West Khasi Hills,1970-01-01 00:00:00.000000027,25.58173695,91.28910306,0.2882723560544813,0,0.3599513634300155,0,0.8590942346088071,1,0.9744624411174637,1,0.9870900036564476,1,0.9916316101330411,1,0.8806729816855698,1,0.8524222107410273,1,0.6898384638735237,1,0.431232604749094,0,0.8056735380247011,1,0.6883178634817975,1,0.9014890178367426,1,0.6906803018561702,1,Safe,Alert,Alert,Alert,Alert,Alert,Alert
West Medinipur,1970-01-01 00:00:00.000000042,22.2788943,87.92227864,0.31980650122267457,1,0.32403107513271273,0,0.9846560335639228,1,0.9876590103820435,1,0.9843317691236942,1,0.9902395551054451,1,0.953909870510228,1,0.8821496304805866,1,0.6881461082849339,1,0.5681335455095816,1,0.6981646526463936,1,0.6771724897542332,1,0.8546523427199882,1,0.6656350387626053,1,Watch,Alert,Alert,Alert,Alert,Alert,Alert
West Siang,1970-01-01 00:00:00.000000048,28.4,94.55,0.7480911777262594,1,0.5057234772487885,1,0.9408496019328825,1,0.002039330323807395,0,0.8377482621834011,1,0.9982398856916308,1,0.6144556835798298,1,0.5178228187196097,1,0.8248179153704214,1,0.6495943879791463,1,0.3730466870697864,0,0.7268380090349539,1,0.8705727941972111,1,0.32019605985876803,0,Alert,Alert,Alert,Alert,Alert,Watch,Alert
West Singhbhum,1970-01-01 00:00:00.000000050,22.7859232,86.1716093,0.21095179082682117,0,0.5390530675518944,1,0.906177476857726,1,0.9955879548944656,1,0.8906370120994472,1,0.9999851681909626,1,0.8663906029119193,1,0.41302228862490836,0,0.9255177327790318,1,0.9998254380449747,1,0.8794299072835131,1,0.8456323177280451,1,0.28867359108422735,0,0.0005772009513040357,0,Safe,Alert,Alert,Alert,Alert,Alert,Safe
Yadgir,1970-01-01 00:00:00.000000029,16.7670964,77.1403984,0.29009792772099546,1,0.49187744941951883,0,0.9955566330262403,1,0.9995719669663365,1,0.9454845771768448,1,0.971579312069815,1,0.7350244501703583,1,0.28091903632530846,0,0.8217033419221446,1,0.6671915770414342,1,0.7929281152723693,1,0.5703903677730543,1,0.8116353346073882,1,0.6902065369685652,1,Safe,Alert,Alert,Alert,Alert,Alert,Alert
Yadgiri,1970-01-01 00:00:00.000000042,16.7469536,77.1327594,0.4075007350979436,1,0.49802529460031714,0,0.9974591355414786,1,0.9947473909896235,1,0.9960883031345705,1,0.6674266978452316,1,0.21940473714067538,0,0.29568239870225926,0,0.8748794325727569,1,0.760708289497954,1,0.667607924025288,1,0.5246819267881252,1,0.8919783210359994,1,0.6124883833091801,1,Watch,Alert,Alert,Safe,Alert,Alert,Alert
Yamuna Nagar,1970-01-01 00:00:00.000000035,30.1389108,77.301064,0.39585851286173573,1,0.5953538537261316,1,0.7705061580007707,1,0.7962814787874521,1,0.9800720661810519,1,0.8479944830961339,1,0.895904298249659,1,0.9120161547056823,1,0.32086867356365845,1,0.48064306872979345,0,0.8047262949858179,1,0.6082562055592176,1,0.8217931717691989,1,0.3217374324142576,0,Watch,Alert,Alert,Alert,Watch,Alert,Alert
Yavatmal,1970-01-01 00:00:00.000000037,20.32570375,78.11691397,0.4481902422421417,1,0.516014818618117,1,0.9930293876789063,1,0.9589594846336907,1,0.9959328317239533,1,0.9941139152638283,1,0.8536697922851865,1,0.5197714949869761,1,0.7973200145304055,1,0.5063269961864412,1,0.7419822446802791,1,0.5680535568188073,1,0.7105842273292373,1,0.654825901265811,1,Watch,Alert,Alert,Alert,Alert,Alert,Alert
